categorie,capacite,prix,montant
music,2530,93.8922214198843,48140.0
theatre,6037,1658.5984881586699,1563200.0
general,6370,844.4074797266583,631050.0
sport,3192,818.0694803079999,546710.0
music,4877,1957.4411309379666,1418370.0
theatre,9063,1447.945058934249,1400520.0
art,6563,591.3741275242934,556610.0
general,6233,1160.081980832578,1289890.0
sport,8214,1255.387273293558,1203060.0
sport,349,1082.6945196520282,50970.0
music,9184,951.7138389569475,1236830.0
general,2717,520.7869898122477,170090.0
theatre,7017,1285.1711138561982,1817460.0
general,5676,1745.0472294175936,1457390.0
art,438,246.59701014228096,20180.0
music,3268,1338.6634876436713,675700.0
art,3566,997.456573108612,375720.0
art,500,545.099310946807,59150.0
art,4475,278.4216766524832,190690.0
art,9355,1288.228915836135,1893910.0
art,8222,1127.9772341837463,1387980.0
music,5120,604.1148569788551,584700.0
sport,8003,609.5180258734812,1116190.0
general,1637,500.33989555823035,161650.0
theatre,8508,1796.5561461271502,3056270.0
music,5962,765.1283093632617,547270.0
art,2656,1019.7463640534295,349500.0
theatre,6888,1831.7778584553796,2258620.0
general,9608,885.6794825384851,771840.0
art,4642,999.8806536350506,737820.0
art,9591,259.4181321654918,359520.0
music,1330,721.6372114606446,206970.0
theatre,71,412.4656253948633,7440.0
general,1381,1007.2251511414028,223920.0
general,253,1170.6120376709034,54290.0
art,5588,103.15222477149266,104890.0
general,1796,1625.3026782299619,366650.0
music,9481,1440.786205798173,1573690.0
theatre,7598,1564.41316740076,1383810.0
art,9633,1346.0598170966452,2169300.0
theatre,4389,1085.032946230774,866520.0
art,7220,1467.9189818358338,1347190.0
sport,6345,164.61688590542488,307240.0
sport,9443,1992.9538685956793,3416300.0
art,8348,850.2712835390209,1094590.0
art,8494,948.3328856988674,1022600.0
theatre,3890,711.3358453101835,549860.0
theatre,8702,55.320688639783015,130720.0
theatre,1580,632.1315722983123,131520.0
music,697,355.1880421606497,40730.0
music,595,1572.6758167427258,205020.0
sport,7182,1568.0802391905722,2286200.0
general,1058,522.5892215133596,66220.0
sport,565,1346.7351905364833,182680.0
music,2093,667.3376117668113,195400.0
general,9945,161.73157132915782,301540.0
general,3821,727.593730090976,334240.0
theatre,6653,980.8875527199798,1389580.0
art,1202,1370.1909482835947,260560.0
general,8386,117.07129826859975,152830.0
art,539,1500.267750739404,112070.0
music,4594,1232.651562103743,1251960.0
music,8630,887.676140655546,967120.0
art,1777,209.0899872982228,92800.0
sport,104,985.3476952817883,25340.0
general,7746,1120.9224206034955,1221080.0
music,1596,1079.4808516340454,274140.0
music,1019,1359.446985933591,163460.0
music,4310,1653.699350298758,1655580.0
theatre,7677,413.3863078945248,646250.0
art,1048,754.1535827497523,101150.0
art,8143,399.599311324476,644070.0
theatre,1174,501.16602459530156,92830.0
general,5750,1929.2654185820795,1488760.0
art,5974,910.5152764426833,689520.0
general,2455,1333.3979683226687,397420.0
theatre,9509,1666.5193331164066,2292290.0
theatre,9339,1935.0072538829766,2486330.0
sport,218,243.56859462788339,11430.0
music,2698,169.2768397889073,100730.0
theatre,6354,468.1103204996162,425300.0
art,627,434.38521362788407,53240.0
sport,8102,1805.4441873835995,3519150.0
music,4886,260.89965490246936,216190.0
music,7792,1358.9368144626696,1526610.0
art,9117,1860.491925138381,3144150.0
art,7778,317.84719461245527,463680.0
art,7690,1919.0066915250616,2676830.0
art,9450,309.2267759993201,468560.0
theatre,2216,1869.5568385147708,647310.0
theatre,1601,877.0893979314222,149270.0
theatre,994,14.04000945153272,10390.0
general,7013,560.9005454831055,512850.0
general,7244,97.63468523396624,126490.0
music,3348,1731.8905724440497,1260500.0
theatre,4685,1879.6412130219217,1094920.0
theatre,3147,1746.8724983715294,1138950.0
art,3764,1986.9722300542248,857590.0
music,398,229.2400432566222,25660.0
theatre,5096,1183.6769494227085,828590.0
general,2572,170.2361834296937,63500.0
sport,7110,1313.163595131077,1958930.0
sport,4207,84.5202050569216,83870.0
theatre,5877,1782.7468280707155,1266450.0
music,3656,1872.2360763050056,863200.0
sport,6006,1271.7852546675808,1709010.0
sport,8570,1457.419874867727,2551560.0
general,9799,1444.5184297970923,1329250.0
art,3394,853.6152369563758,435510.0
music,8919,646.8374933964882,792890.0
art,2838,1781.6152435562205,709820.0
general,4630,1136.7701128764475,566160.0
theatre,6350,404.4244508562902,288550.0
music,3397,934.4704753623004,650260.0
sport,8472,1116.7262406776567,2335710.0
theatre,3250,912.1611998466894,368560.0
art,2928,1608.3100295082186,537600.0
art,1492,1349.586395692978,394350.0
general,3710,351.02408340880766,180820.0
art,4062,1405.687994170967,942750.0
art,2929,1395.8366714896765,462860.0
music,6595,1764.4935883097257,1317680.0
art,3686,1775.9088675088576,1148730.0
sport,9226,869.8950678446957,1697250.0
theatre,2887,1973.21989209903,910600.0
sport,9320,490.7080775569352,673030.0
sport,551,480.53161059872497,42940.0
art,303,1190.3436633832298,35730.0
art,8105,859.4377856966755,851670.0
theatre,9032,1555.8371065079182,2142610.0
music,9248,145.8219651485455,338290.0
theatre,2509,1885.8981575211228,1008840.0
music,119,1493.9173634323809,34270.0
general,577,1431.6067769102672,136410.0
general,3053,281.6278906854166,121830.0
theatre,1538,637.5890365987165,208890.0
theatre,4662,590.6953694039929,588180.0
sport,7032,277.7087141878698,308930.0
general,8057,1677.0773850559374,2500010.0
theatre,8345,364.34634992458024,726520.0
music,7702,186.8029933503732,353340.0
theatre,5427,93.51516780757008,113760.0
art,5064,898.6534235685808,521920.0
general,5183,927.0801595547969,720950.0
theatre,4258,1180.2835256023177,764900.0
theatre,8780,832.5822295202734,1260670.0
general,5330,131.3222228672175,149900.0
theatre,7885,1444.6413641240026,1218330.0
general,8699,521.4519144344964,498100.0
music,1132,621.9012817558936,94000.0
theatre,8504,1756.660019571095,1570810.0
sport,1123,1673.770353166209,267960.0
theatre,1936,1877.0127137473924,655820.0
theatre,9099,1412.0730122187113,2146260.0
general,1900,1005.2291752347691,340690.0
general,7090,431.4441311261068,622460.0
general,6163,692.1945278464285,701680.0
theatre,196,1422.8322604999744,37230.0
art,6928,1129.3312266090277,1571860.0
general,7533,1026.330073765241,1387860.0
music,9960,1059.3228701750177,2062950.0
art,7537,847.4278837365255,1037720.0
sport,6245,1288.6493582955734,1606980.0
sport,5379,405.0198434362582,362720.0
sport,3876,1050.1516069509707,823640.0
art,2250,783.0921088092438,294180.0
art,9723,1591.6940822622141,2990060.0
art,3313,1058.955393966864,407240.0
sport,2612,304.9919348104586,148840.0
sport,8794,1925.366539728439,2231900.0
general,1294,818.9941936285767,203880.0
sport,549,981.8857847973734,62870.0
sport,686,250.46980217554383,42630.0
art,7540,548.9438744103333,465050.0
sport,6972,1970.8944192543145,2271330.0
theatre,8942,343.8515153827708,625900.0
general,119,1730.2294202387575,33000.0
sport,9943,380.97835302318316,831800.0
sport,1677,4.260860621160711,22680.0
theatre,6922,1453.419752369548,2131120.0
general,3206,743.1752506144134,389370.0
general,5373,1780.7076263188785,1413810.0
art,1727,1336.7429127956568,283310.0
music,7664,335.13352659951056,571580.0
art,5377,1494.1474570069445,1509860.0
theatre,2980,1972.097952238738,839250.0
art,9781,1242.413319278091,1709420.0
sport,7772,1090.3700085051973,1533160.0
sport,6846,983.2953593819057,805010.0
art,3349,1763.1764759467053,1188540.0
sport,6808,848.6782864866966,1196810.0
sport,1515,332.53103851879763,78150.0
art,5552,967.0230803958799,900520.0
sport,4841,265.50213123982445,331580.0
sport,4446,880.311573701555,942450.0
sport,6830,54.51896959126002,161650.0
general,7229,538.0161269782928,533010.0
general,6637,797.0077176747017,1024540.0
sport,7492,1788.7791201169696,2451180.0
music,7420,104.26947164113032,221170.0
theatre,704,1894.5731361630606,144360.0
general,3825,1742.2226224323585,981110.0
theatre,3063,812.7458274516086,372480.0
music,6934,844.9416177229956,862320.0
theatre,2163,1897.207988032445,532420.0
art,8867,319.2319254704188,554560.0
music,1130,844.3775959384847,135120.0
theatre,7027,354.3750064111022,553000.0
general,625,949.6756956381904,79420.0
theatre,6055,1263.923553697924,1129450.0
music,445,465.82834636457204,45770.0
general,4350,1203.4467437361332,847310.0
general,4568,1483.0070099399798,989470.0
art,9472,428.4794716890634,581880.0
sport,1262,1798.1432689561238,321450.0
art,3478,1905.332014188729,1102250.0
theatre,1678,1086.7498284948535,363350.0
art,7032,120.67231576345083,206950.0
music,1678,282.9256121987014,101960.0
art,8415,1652.232170452425,2252230.0
theatre,4195,1830.147504357504,1404800.0
music,1636,1478.8322761811853,353080.0
sport,9431,355.44368557202046,487030.0
theatre,6401,809.3264177521997,948580.0
art,7205,71.75793550860953,174330.0
music,4116,1254.9087915956422,1180210.0
sport,2836,78.42236493793008,76300.0
art,540,586.1448743041402,68540.0
sport,1980,1090.5370235929452,290580.0
theatre,9469,1399.311102269331,1985090.0
art,3120,799.123455468812,527860.0
sport,1390,1595.068970682921,428300.0
theatre,6347,985.8695330100728,885960.0
sport,5118,1040.4034209124318,1224970.0
art,9067,612.9538410350331,962610.0
art,7219,1302.947584003883,1357220.0
general,7556,876.9555004603507,834800.0
sport,3139,1245.8037250895654,932930.0
sport,1496,1906.8436685412205,493710.0
art,7985,1018.2293413283148,1148290.0
general,4813,474.0810709076924,310480.0
sport,4465,1749.0234149738985,1811270.0
music,9548,1027.802607202996,1938100.0
sport,784,979.7347338460219,177900.0
music,8595,1813.97480083121,2608720.0
general,623,128.81982055191443,15920.0
general,8125,1170.8550795978467,1660440.0
music,3251,1661.4027639944404,694650.0
theatre,5756,871.5532098027426,1031330.0
theatre,1790,998.7643758366271,386310.0
theatre,1490,558.4344423926548,107380.0
theatre,758,857.973307691052,136850.0
art,2433,689.080399784366,357200.0
art,9686,296.98881027410897,489780.0
sport,267,750.6399862943409,31400.0
art,3277,1395.3614677545256,630890.0
music,7268,100.45086055391872,151300.0
music,3744,1800.16551740251,1074270.0
music,9429,1126.3624542924283,1425760.0
art,1173,291.78009712893015,64630.0
art,6073,217.32302624753964,276890.0
music,9627,1227.115345907645,1452110.0
theatre,322,438.2213727910058,31880.0
art,9352,396.2842895944723,725440.0
art,7630,1744.4941185210555,2090100.0
theatre,7407,906.4282332942457,989960.0
theatre,6055,1488.8897681808353,1661730.0
art,5332,1028.0835358806512,660620.0
art,9250,1965.8930005733123,2287990.0
theatre,5669,136.63693952327495,196450.0
general,9999,1156.4921828046377,1521100.0
music,6255,533.080689464056,835850.0
sport,8745,64.59304406314614,213300.0
general,6140,1736.1750751427887,1918660.0
art,1604,1895.3277713888074,476290.0
sport,9623,1583.9481356154738,3691870.0
theatre,6829,806.0550658324073,802050.0
art,2505,1599.0216599229288,558950.0
music,4569,635.4399246385414,440760.0
sport,3358,477.5527972259461,282280.0
theatre,785,1269.176792797017,151310.0
art,527,1324.6339410165713,103540.0
sport,7841,1674.2685598475116,1571830.0
sport,5694,257.74837409483433,206880.0
sport,7679,1190.0990093661167,1933700.0
music,7613,995.7699017862711,1079420.0
sport,7598,611.6520913478367,1145420.0
sport,9186,6.777543167928224,114390.0
art,8124,837.1163814052187,837390.0
art,8467,1981.8808966840968,2982220.0
sport,661,256.5200822926752,37210.0
music,2572,1823.1201674057168,650500.0
general,8411,1191.7788074123482,1619240.0
art,3295,1268.3771905174895,692170.0
theatre,9654,1953.6754568478907,1983610.0
sport,6643,967.9462190662465,1467630.0
general,5753,1555.4172707141622,1662090.0
general,7093,830.2765768499154,669700.0
theatre,6393,109.47957396603213,109710.0
art,9178,922.4541060293798,1383570.0
music,8195,3.834435226415911,101390.0
music,7322,1965.280656999738,2256790.0
theatre,4718,916.5625022872501,765430.0
art,3996,1312.387417523324,827970.0
theatre,786,1171.4195772843323,142340.0
art,3060,1133.2377269226495,442530.0
theatre,8883,81.98704444652161,264110.0
music,7770,1603.9416638764824,1911280.0
art,6225,1459.6048815660051,1614120.0
art,7693,406.0287056131806,459850.0
music,3753,1882.7582171413994,1154100.0
music,1763,231.27542578544856,82420.0
theatre,5431,168.75792785995446,177360.0
sport,3347,282.1510618603584,131020.0
sport,5619,1976.65471171666,1602560.0
art,5168,1693.0308631757498,1243710.0
general,6212,902.4820579256367,526370.0
theatre,1437,975.9109715231034,229950.0
theatre,7503,862.9340178124212,1043730.0
theatre,6929,1314.3998698794355,1320410.0
art,3612,1255.1547269800355,810760.0
music,6091,916.7454886599802,651160.0
art,9715,670.022107106246,937620.0
music,7617,1258.3364417170924,2012100.0
general,9003,1089.1823105259298,985960.0
music,646,512.4735575597008,79360.0
theatre,6683,230.70679033113083,202820.0
general,9557,1044.3681128358267,1531650.0
general,1427,572.1925358380557,100840.0
general,733,333.70555380270605,29040.0
theatre,7472,1593.3903556040145,2147130.0
theatre,9826,754.0106439807071,1264350.0
theatre,244,116.36402692957049,7630.0
music,943,1038.692903675932,214540.0
art,1582,711.5454192561399,174610.0
sport,3040,275.54645855042656,208600.0
art,1913,1496.7013735959226,358210.0
theatre,2684,696.01662627011,317760.0
general,7240,958.7611699738829,742110.0
general,9074,1337.5279984513022,1105440.0
music,8557,1324.108952978262,2263280.0
theatre,6049,1749.168807117805,1479520.0
music,6787,106.57181003359683,163990.0
theatre,2524,1724.9866693321133,870440.0
theatre,8999,1312.8740694260841,2426120.0
music,1734,254.30618163332187,95240.0
sport,1270,1133.50517585258,269050.0
theatre,1942,1599.0355586178748,594470.0
art,6046,801.5223280794972,904940.0
general,4873,28.69460473290575,75050.0
art,7163,1421.9947888621402,1960550.0
general,7640,1193.7098240874466,919060.0
general,9064,1461.3566294439684,1245850.0
music,8771,534.9307876317378,984590.0
sport,2293,1493.2588462182966,719910.0
music,9665,1236.652692533998,1836500.0
music,8399,312.53648699080316,698200.0
music,938,1591.8569386138065,174410.0
art,8286,559.1876789600702,844660.0
music,6708,1444.1735148659338,1754810.0
general,5980,1315.8500303675755,1158180.0
theatre,3495,451.5281802704034,289050.0
theatre,6369,1998.5972561315218,2711330.0
art,450,1947.3842557450425,151860.0
music,1981,562.7520485618536,218250.0
sport,2883,1732.7427181076807,644690.0
theatre,458,721.8905643587212,73090.0
art,8370,1076.5447264481686,921610.0
sport,9823,273.66862948807704,643700.0
music,7896,1343.4131807489384,1598480.0
theatre,3357,275.3892083597911,110850.0
art,5120,914.9554726311517,917420.0
music,3138,1818.9587551454983,1150500.0
theatre,7782,1737.2465912358593,1912030.0
music,5935,1068.433091317642,1196030.0
art,7971,5.121282081851808,93500.0
art,7182,1387.758382670069,1064820.0
art,7832,840.3519709341278,1006790.0
art,8983,957.0611658477168,1028000.0
art,8918,429.86557390628445,832730.0
sport,2199,1710.7824743496349,558300.0
music,7319,1843.3253463721437,3036100.0
general,432,595.2079338247485,40400.0
art,3727,476.5754343987953,208220.0
theatre,7487,291.97725053009174,440280.0
theatre,9164,1501.4452140150072,1632900.0
art,7782,1497.358377249439,1592290.0
sport,5168,424.80053931367934,403390.0
art,9189,477.34731939389195,619590.0
art,2945,558.1711954619253,343000.0
music,7194,1814.7293245428607,2615210.0
theatre,9489,704.2257932364835,1156120.0
sport,7069,1083.1587069841628,1767450.0
general,8399,1150.5407689511883,1030190.0
art,2888,965.1579478830025,560320.0
sport,9491,602.303291391141,754380.0
theatre,8518,1764.2793457348375,3139300.0
art,3371,25.703933671435088,29020.0
sport,8084,910.0332531109681,1463260.0
music,986,1477.6822435890922,261350.0
sport,7539,350.43331430535176,654730.0
music,9556,1391.4543858046522,1957430.0
art,1212,1527.2464210852268,189670.0
sport,8084,480.51381624167334,827370.0
music,9078,1641.695687434457,3208520.0
art,3529,1512.7548297108833,585710.0
general,8605,994.1119500847759,925030.0
sport,8884,1981.5340635445139,3277070.0
general,5602,1038.4012668596743,660670.0
art,5650,626.6818993740573,362220.0
sport,3967,658.3537427812531,473450.0
art,8976,1247.701745446745,2091260.0
theatre,8085,1305.8857162426373,1662070.0
theatre,2534,1127.4998616845733,318850.0
sport,8062,977.4389258661778,1716350.0
general,9726,259.8993502131919,430310.0
theatre,5989,1775.6539122424692,1185790.0
music,5175,1597.355811803171,1595480.0
general,6273,679.2959658343209,422700.0
theatre,8131,1833.8517437932137,1820560.0
theatre,1656,1208.0610182127464,209650.0
art,7592,999.610601394026,1086800.0
general,6274,1890.1642256841285,1128940.0
general,1265,371.4901460608946,49850.0
general,9749,675.4031472529365,705800.0
sport,753,1633.1736849097829,145120.0
art,1790,1949.818263455204,422160.0
art,2466,494.71413746696504,158240.0
theatre,17,691.3603330536799,10050.0
general,9400,1031.4153451034706,1026550.0
theatre,919,1281.750002506917,160960.0
music,5664,1976.1722014168074,1846290.0
general,5577,932.6310028055489,765720.0
music,1691,1273.0974587010282,264990.0
theatre,9556,345.68285682110167,763670.0
art,8161,1930.3476216520046,2450990.0
sport,6334,933.718778060473,1427110.0
music,8202,35.115438172741435,113250.0
art,1928,988.9397545654022,364610.0
music,4424,602.0745274369419,637000.0
music,9503,344.9427264628866,647520.0
theatre,2931,1818.1692394680035,591470.0
sport,1542,518.476955209372,113060.0
sport,8422,1730.137259701007,2563980.0
theatre,3893,1489.9376589206731,840420.0
art,1964,634.5587008220657,157150.0
theatre,3937,987.5012468404778,422030.0
general,3995,360.573185347421,272020.0
sport,2056,1885.1641650430333,626170.0
theatre,8291,795.0527797940528,1251510.0
music,5080,112.66166000148093,182910.0
general,5691,472.40956112055164,523990.0
sport,1971,483.3000263815248,132660.0
music,5334,1129.699537383684,897080.0
sport,3513,1500.5179659491093,958010.0
sport,2452,1892.2934143752263,1055380.0
theatre,3397,692.0053222586164,348380.0
sport,8892,1057.8549595421966,2159180.0
theatre,2516,1482.7646441706456,424900.0
sport,543,1003.7309065293307,125100.0
music,2327,625.922890470935,326640.0
sport,9514,1519.7197784555394,2814130.0
music,1321,432.15119127024514,143260.0
general,5799,627.4961637924745,601750.0
art,4797,1719.0326821189244,1558810.0
theatre,4396,1252.7396268369628,561560.0
theatre,5862,449.56784351587476,362270.0
general,9312,1665.3304804936795,2015390.0
general,3996,1634.3475525606816,1149450.0
sport,1276,1619.9837869890766,284310.0
music,3998,1630.1325304032787,1137370.0
general,5910,295.58159133683404,284870.0
art,7975,455.5524303676868,817720.0
art,2529,281.96365739020047,124660.0
general,7621,432.4955765478933,341070.0
sport,1816,506.6707170430469,125210.0
art,4168,983.2829286713895,648340.0
sport,3496,1092.108956316398,818650.0
music,8375,1371.3000305728685,1752280.0
art,6493,1983.7393269738131,2161540.0
music,276,332.5405724881316,20930.0
general,9327,299.9015424996105,598910.0
theatre,3349,338.4837292566112,266070.0
art,3055,766.1521224750005,447550.0
theatre,1033,870.0699069405058,158080.0
general,2137,1783.173224136153,691270.0
art,7655,971.0281078114207,1202990.0
theatre,5741,153.65581784179682,132050.0
sport,5328,1427.213756049494,965700.0
general,6620,23.77376256406194,87740.0
music,3994,797.5499077010581,445290.0
sport,5311,749.3726148734614,791560.0
art,9119,570.0405978535379,796840.0
general,9321,1192.2573572972656,1417460.0
art,6887,595.8167829374314,780210.0
general,5396,1917.6449903304197,1063150.0
art,4819,791.6179099395131,631940.0
art,825,1575.331473975356,266270.0
theatre,6830,1867.279370508336,1625220.0
sport,7408,1476.0560257578313,1651220.0
music,7867,1184.0559357203686,1436260.0
theatre,8161,564.604426189953,681650.0
general,5857,1230.7977743201234,996030.0
music,207,876.2177572494545,32470.0
art,4763,1035.0479687287982,962010.0
general,5507,194.9724071931802,252470.0
general,6235,326.7269568585873,433080.0
theatre,9656,256.50749278109,410550.0
general,1718,491.34475325476257,129110.0
theatre,5939,69.51691935485171,81080.0
art,2110,1886.9981223962113,554670.0
general,8180,1726.9226767135617,2260310.0
art,1554,1470.3673568420197,421150.0
art,2075,341.2350622638409,158360.0
sport,5112,439.25722119968367,553180.0
music,573,1698.2439615319627,158230.0
theatre,1250,821.0206731922436,182830.0
sport,2517,903.4129751320472,353490.0
art,4083,708.2175983631655,414960.0
general,5173,1962.9997865432179,1628000.0
sport,2593,1801.4981290162887,854690.0
sport,7597,1468.6504042440636,1606630.0
music,3477,1601.4193203745779,694150.0
art,2357,1098.9511390102236,480060.0
music,7752,1620.763129532313,2180810.0
theatre,5355,1592.992858875094,896860.0
theatre,7375,1616.2359250799252,1730640.0
general,67,1230.0235947098522,25440.0
music,5185,15.385217109834759,61320.0
art,3452,486.3313154527957,371370.0
sport,5930,1340.5398713535394,1649610.0
theatre,8815,822.8619298477422,1248970.0
sport,9402,1620.8830842533882,2891570.0
sport,2861,1745.7082927538129,758670.0
general,1178,781.6380599279715,85230.0
art,347,672.3488384057521,42340.0
theatre,4978,1234.4874465686482,892910.0
art,2226,1822.8505250276185,821480.0
general,4830,518.0724893178319,278350.0
music,5480,1431.7069989289814,1623930.0
theatre,3714,1046.332139007302,749290.0
music,3338,286.58267952557014,244410.0
general,5702,786.9891862931473,603300.0
general,4042,1946.9581377278744,1138230.0
sport,2199,425.2092451835183,196350.0
theatre,7881,1393.6668878593593,2131330.0
art,2283,164.93565837494307,80550.0
sport,9638,1451.2724561308123,2954850.0
art,3511,1614.5453030872861,621140.0
theatre,4878,1482.2293625997431,1142520.0
theatre,8311,1789.517935565208,1511970.0
sport,309,133.56864880648735,13690.0
general,4603,1454.6035497227322,1140780.0
music,4581,698.3220273120638,735800.0
theatre,2527,722.3720656127888,368120.0
general,6496,1749.0428754239072,1654190.0
music,3069,1489.652007522135,837970.0
general,921,1165.2023227759744,162130.0
general,8133,767.710679882648,1029630.0
sport,5970,490.26622451812375,573890.0
sport,129,1156.5821963153503,28020.0
theatre,7631,968.8832790842355,1532680.0
general,9663,1799.8786578150775,3205930.0
theatre,572,1312.2671600680924,129570.0
theatre,5845,291.6078161488924,297950.0
music,4340,1297.7532827562363,916340.0
general,953,1515.6690609657335,267290.0
sport,811,405.711768435701,44560.0
sport,5187,169.0246115723144,156570.0
general,4322,1464.9138761391168,591580.0
art,5968,1661.281165627105,1590130.0
general,9278,429.9546489446768,687560.0
sport,6035,30.813229372899986,106020.0
theatre,1448,1127.5335704879353,291160.0
sport,179,613.2942281786779,20910.0
general,7753,1613.7206972766369,1489400.0
general,7305,1545.3789862117453,1390960.0
music,8314,1207.6217804466703,2284900.0
music,2143,38.74469545269754,32770.0
sport,5877,1789.283621827651,2140320.0
theatre,4110,707.3189121818107,499340.0
theatre,2307,920.5679316345153,467160.0
general,2662,1311.401866563086,635790.0
sport,4232,262.1424751483228,190270.0
art,7895,329.40688170127055,360960.0
theatre,2927,796.5711312124621,383490.0
theatre,9963,1902.2939219716334,3285890.0
art,583,1709.997584447089,118370.0
theatre,2093,626.289819079606,153340.0
theatre,7630,244.751866465287,291920.0
art,5955,1198.144982330682,1122310.0
music,7736,1183.0687975851636,1538840.0
theatre,6198,594.9801710133897,513830.0
general,5488,1848.3924425045727,1170990.0
sport,139,1674.3604045496618,48830.0
music,7424,1616.76376443915,2342070.0
general,6489,1033.6590148930736,1244890.0
sport,4751,1440.628312065701,1331080.0
music,3036,309.9489076798423,165540.0
music,8474,517.6486291168454,1052970.0
theatre,2993,448.2681866636631,261190.0
art,9472,1178.4863512076572,2295420.0
music,5834,1851.401799542398,1587250.0
sport,2307,475.29225908031924,285100.0
art,1821,1780.9656228811398,318020.0
sport,9005,1206.3056815120212,1575770.0
sport,8086,1574.7858229610072,2433240.0
music,3237,25.05297221090652,45220.0
music,9341,744.3200278502478,1667830.0
music,2942,1696.1198847889398,931550.0
sport,3220,1840.8662922663625,1397210.0
art,3461,1144.6733771150184,822460.0
theatre,3265,1773.7926817535536,782650.0
art,5200,902.6979724341937,739980.0
music,8498,606.3499017541569,1230190.0
art,7192,231.57983492212253,283980.0
sport,4017,213.47819803618285,131420.0
general,824,965.6797991564756,94230.0
theatre,8549,336.768575207991,372490.0
art,8276,1907.3687285789993,1961270.0
theatre,8030,611.9458984912569,723540.0
art,9553,1871.145657890563,2328990.0
sport,195,1019.1199965111422,23540.0
music,5001,219.29545266750483,194480.0
music,1399,255.45408609895136,58190.0
music,5464,912.6627704090922,796520.0
music,8720,917.8015876137482,1184210.0
theatre,5081,1178.2714532202817,613340.0
sport,2001,621.5687845546983,230910.0
art,9190,1566.0783484765923,2490360.0
general,399,1129.9353521926112,55760.0
sport,4307,403.8560716068218,446150.0
art,1549,765.0348892106897,148980.0
theatre,6984,156.83488151464496,253650.0
art,3129,1514.9380439385368,954630.0
music,9289,254.49238041216816,640860.0
music,1348,992.0640039379502,170580.0
art,5983,435.9276915091401,441110.0
general,7956,1557.1960803621466,2124780.0
music,6291,1622.1012798175148,1816170.0
art,3121,1813.3034110752849,1154380.0
theatre,1826,28.82542218132711,29000.0
general,9273,1618.5374526526778,2313830.0
theatre,7357,1290.205385375789,1805340.0
sport,9645,74.3029261560102,247010.0
music,3764,1288.9828901020624,797150.0
music,3519,66.66963904324264,51200.0
sport,1416,1529.672177302329,380270.0
theatre,7216,272.18829197552543,354790.0
music,8065,1701.0091397955457,2633420.0
music,1323,75.1351420691182,21250.0
music,7245,635.9823603698737,735310.0
music,1729,1964.8974890504626,548460.0
music,137,302.8562928815217,5820.0
art,7390,1605.930837155028,1311430.0
art,9689,1620.39865488059,2258970.0
music,5566,700.3593405664282,821230.0
art,8878,583.9352236351465,676250.0
sport,308,315.33564529050074,14240.0
art,9952,808.3153689106529,1575810.0
music,6097,1737.0851037693487,2067220.0
sport,7770,589.7888166298619,1004660.0
art,5468,1506.3390732422363,1456930.0
art,4511,494.0034867600529,268300.0
general,2146,1883.1847826406931,459090.0
theatre,5122,450.54424897443647,308750.0
theatre,6454,1139.5090243627174,1312520.0
general,2058,1008.9768302365856,194830.0
sport,7049,89.54260750598841,154530.0
art,3494,1072.6905612175235,447990.0
theatre,1253,366.6395719658626,69640.0
music,6420,665.0255357841551,1003540.0
general,3207,1371.5528693442564,562030.0
music,2283,1208.1473012032282,512490.0
sport,2152,1402.3933611078137,461980.0
music,8544,1645.2339823119505,2045080.0
theatre,7467,1229.9581422082092,1834700.0
art,2771,1890.9252401459466,602580.0
general,5106,1438.663834237981,1083290.0
theatre,2266,1569.7497683326865,477310.0
music,6550,684.97646443272,819870.0
sport,586,1163.2609878833623,81700.0
music,8086,1626.9813864122043,2292190.0
theatre,6982,1348.6155704312764,1519930.0
music,1188,804.2681879696365,194870.0
theatre,4441,1844.7874335806753,1160280.0
music,847,1241.483542118647,192850.0
theatre,9427,626.4059235126393,816300.0
sport,9877,319.45299418900544,607650.0
art,961,402.92347076449045,50840.0
general,1659,946.2765249632483,236600.0
general,9807,829.6099140218032,1054910.0
sport,4807,452.29664844456073,365930.0
art,7467,910.5718144314894,700310.0
general,7995,746.84698163383,558870.0
sport,6438,1807.2225383562693,2224620.0
music,3798,967.7520483817366,864110.0
general,3863,1144.353484859773,660850.0
sport,6306,437.09052076029775,656390.0
general,4196,412.9869596457645,312880.0
general,732,1484.4812767529218,95260.0
music,9357,1947.1040408554968,4202960.0
art,211,1623.88072143248,43500.0
music,6393,884.7790913056701,757300.0
general,1665,205.88859174263808,76900.0
general,885,1965.242575278525,299590.0
art,3143,219.19048695864052,97100.0
general,5760,1258.83004243439,1176860.0
general,2170,770.4868398417124,254390.0
art,8778,1655.8675393422877,2595930.0
sport,7919,888.7846994886921,1734720.0
general,16,456.0488193899426,9190.0
sport,2434,1360.3931059465544,484600.0
music,5376,1804.6190701551304,1482360.0
theatre,7205,1467.6793228022239,2122340.0
music,1890,840.8101646301487,223370.0
general,6765,1281.5537583885402,1233330.0
art,2622,387.3455244589545,138220.0
theatre,9689,1633.1711676242278,3393270.0
theatre,5628,1284.4211890619756,1263490.0
sport,707,637.58794946575,56760.0
art,1614,1995.0452413113824,555010.0
general,7124,221.63270959770577,298180.0
art,3274,1092.3877863520659,466360.0
art,6103,1116.797790097633,1387240.0
art,4690,1623.6304931865643,1104840.0
art,7638,1845.3619339190634,2500480.0
art,5206,1738.8037386216772,1725190.0
music,9111,590.8727511700167,1050780.0
music,6010,1265.696624060187,1265950.0
sport,8856,1396.7235723441947,2903800.0
sport,817,342.5910350474162,64730.0
sport,3536,343.3481278875148,302020.0
theatre,3562,282.78037691271953,168840.0
general,4881,1161.6152336450375,883040.0
art,9702,661.3820502112253,1225240.0
general,8746,807.7783060524166,1210490.0
general,5054,35.21556352017407,71170.0
theatre,5678,673.5846022178655,821860.0
sport,5954,1121.673656640832,1199940.0
sport,4211,1394.7811562096701,798450.0
art,2097,1769.6464100603475,523650.0
music,3930,871.0586474642552,410590.0
music,8864,26.542380784764454,156070.0
music,9123,1951.6487067424994,2234620.0
art,8662,103.50612351724631,133750.0
art,5839,1831.976174139931,1526480.0
music,485,1370.4834365488439,104300.0
theatre,7286,575.6190521456939,753090.0
theatre,4418,348.5616164098242,181280.0
general,8676,871.0308337681507,1157120.0
art,3575,1391.5498657278708,883970.0
music,315,473.3585504504549,31500.0
sport,7545,305.7242505817739,590550.0
sport,8698,215.40247491130725,543910.0
general,7664,506.1366487125707,655490.0
theatre,8244,313.30772118810637,367050.0
art,9963,1936.877645198054,3051260.0
music,8880,1887.221687679297,3067950.0
sport,8645,270.52302154963456,642820.0
sport,3114,496.40990485675627,204610.0
general,9833,1511.1506846219463,2493350.0
theatre,6236,597.3230938641041,649190.0
theatre,3781,1028.5444315802665,820780.0
sport,2956,1210.1842221529803,516250.0
general,6655,392.3948053300652,268150.0
theatre,112,1205.828738087052,17900.0
music,6197,55.43137580322144,83420.0
theatre,8849,1998.0719896034466,2833140.0
music,5699,457.9681816921959,328140.0
music,8905,1384.8203577899246,2668900.0
sport,5525,1382.309874920751,1858950.0
art,9011,1760.1141795371423,2187380.0
art,2965,122.37362288858434,65940.0
theatre,461,721.961928007191,66660.0
art,6788,1684.696775614977,1732910.0
general,9013,586.7535371141994,886200.0
sport,1441,819.6961042921941,277880.0
general,3934,786.4466354050408,406990.0
theatre,8778,392.3494591871495,678400.0
theatre,8551,810.4329738226326,764190.0
art,2233,46.774728295876145,40270.0
theatre,5580,1062.2447869822636,1218690.0
music,4916,591.0635391379417,348800.0
general,9681,295.46763868006497,344560.0
sport,6351,1610.827804960664,2011300.0
music,8263,1181.1422365623612,1639950.0
theatre,609,1.4440822709544943,5000.0
art,7955,517.6918201361602,501050.0
theatre,5772,1115.31308571755,1080040.0
art,4092,1396.6950733866108,668140.0
general,6879,441.8196557283702,546680.0
music,4264,212.83612379495588,259130.0
general,2873,188.90675679288793,70770.0
theatre,2704,1904.6723891847,751380.0
art,6469,1242.3372392959275,864390.0
theatre,4932,352.2399496163855,423400.0
general,4295,708.6654746189855,350330.0
sport,9346,1068.6109491242598,1844200.0
music,3809,1428.6718230003212,900490.0
sport,3435,608.7839100989787,534580.0
art,7608,1473.6756057300781,2076240.0
art,3127,1099.2192633028674,506690.0
theatre,817,1547.8512247837627,253890.0
general,4068,1289.236952361061,677730.0
art,7876,1715.236849302946,2496390.0
theatre,6799,1708.391935602421,1680010.0
general,6302,561.187324210722,364060.0
sport,9100,483.6751715267793,935960.0
art,1751,1265.462470038565,243550.0
general,3216,1861.0669570408497,588480.0
sport,4756,468.46879947389385,496240.0
sport,7038,1163.6663575087869,1533740.0
general,2294,481.53142716412265,125130.0
music,6287,722.1060775206086,570550.0
music,1660,1514.1586116341725,586280.0
art,9296,405.41218455158855,487720.0
theatre,3457,68.67161618556561,70440.0
sport,9186,1018.877426249555,1143320.0
theatre,7242,594.0126882731633,776230.0
art,7072,498.3835901694016,736840.0
music,9037,791.984899557388,857400.0
sport,7219,1877.2193363948686,2319700.0
general,6888,1606.4066910771,1121460.0
music,2962,1476.6667995143412,665500.0
theatre,6233,41.22035446323857,77890.0
theatre,6716,1333.4446582519745,1875040.0
theatre,4979,700.0935637478052,696880.0
theatre,1410,1865.1746386167988,273140.0
sport,3969,16.891112952474472,55240.0
general,2983,119.1520519163256,93860.0
general,6550,1054.0588212616601,1060940.0
general,389,1105.0557514270379,58920.0
general,7658,382.7878343796842,431800.0
music,5038,1303.113151449098,1545860.0
art,9585,1368.8369655923543,2043420.0
music,2286,433.9615341085961,243280.0
general,8575,144.99402713010912,274170.0
theatre,7056,1550.259932089308,1122430.0
art,5187,1618.0571322235028,1227190.0
general,7791,36.45086392144115,75710.0
sport,8574,228.96235373774766,569910.0
music,7469,1334.1534801517187,1146450.0
art,676,742.3894133890656,105050.0
music,260,159.72430732380104,12930.0
music,9690,700.6558000686134,1070120.0
general,6916,3.6474697747412854,75170.0
music,2599,1346.0252404248401,497050.0
sport,9430,575.8678873472778,724170.0
sport,3067,1950.0400284537764,1018530.0
sport,7983,539.8951413574378,1121750.0
general,5847,1703.7894397394987,1267120.0
general,476,1850.299810251543,94340.0
general,4594,458.15951677702446,372120.0
general,6462,1342.197531172767,811100.0
sport,8559,1331.7937726411194,1876970.0
general,2328,151.77293400538906,54000.0
art,2409,1170.7543617217025,563790.0
art,4521,450.86906079679557,238850.0
sport,2078,1784.1315680578346,515460.0
music,1404,403.32378960799485,111250.0
theatre,2026,410.0798451981127,192600.0
music,7698,1508.8320315943515,1887220.0
general,492,1217.6272867780003,64820.0
theatre,4281,598.2130664409615,354750.0
art,973,1356.286541443583,209340.0
general,4394,603.6392690395301,359000.0
music,1247,1274.6421051822974,317510.0
general,1152,1383.9811487823576,216870.0
theatre,7081,870.3752670071465,1158160.0
music,5876,314.5452787997567,242850.0
sport,1760,1593.5502482019976,621940.0
general,2944,358.5266288572393,188650.0
general,7042,140.99569101111052,214880.0
music,7393,1590.8975196133756,2416780.0
sport,7887,1001.3714987999169,1349680.0
art,4276,961.2232801541074,616210.0
theatre,6503,839.7726734916548,969510.0
general,9607,1646.6226095303236,1732060.0
music,9913,277.50748810212065,644470.0
art,6204,370.1843209799731,503090.0
sport,2642,1835.7814578103678,843000.0
theatre,6796,812.8226448773011,1163220.0
music,4629,810.987887123445,592030.0
theatre,4304,1159.7775082499502,1000920.0
sport,1458,295.3093075566466,116160.0
music,5735,1822.1689132614042,1405330.0
sport,1927,202.55646689517403,57340.0
theatre,7003,1650.1620871357075,1334080.0
general,4919,1082.3731518333234,529650.0
general,8506,668.1981347018677,542630.0
theatre,4094,1914.159265251515,933630.0
general,8422,1980.211993565558,3050530.0
general,2278,400.77475474472755,184600.0
general,4106,60.193977641068045,62490.0
general,3377,516.9271780099405,226850.0
music,5352,106.17118681876603,198550.0
sport,2472,1218.1244594584853,370150.0
theatre,8925,1858.260328492648,3192650.0
theatre,2711,621.1566194502991,279920.0
music,748,1082.436668202575,138430.0
theatre,4600,1003.0725318413563,684770.0
sport,2424,1921.2559520415532,571690.0
theatre,9343,1718.835060058205,3164840.0
general,7571,1737.1405592092058,2191820.0
theatre,869,177.90347392143846,33210.0
music,779,1444.7034068284825,143520.0
art,7739,156.1924699619721,161550.0
theatre,6626,364.38286719350145,516120.0
sport,2652,1998.108455518714,1078840.0
art,1823,1010.3405426631757,193420.0
music,8688,1591.4307614768438,2929170.0
general,509,1956.3366757191916,121200.0
sport,4453,1013.8849382354855,1030050.0
theatre,2531,469.72665988939764,256240.0
general,2512,1883.7033856771354,755560.0
theatre,9123,1623.162398054538,1589210.0
general,3940,269.1496595371503,233070.0
general,4696,1742.9432652516705,1428130.0
theatre,173,1594.0515941728233,44960.0
theatre,6094,1549.9815979483794,1349230.0
theatre,9542,1970.7876381257513,3075210.0
sport,2413,989.631041187377,531560.0
art,8469,323.4399157933483,324520.0
sport,8716,377.92062433103735,455170.0
general,6799,408.12494219288277,440220.0
music,161,308.0971610341423,7760.0
theatre,5344,1793.2867366169082,1754940.0
art,1805,680.005112585063,193820.0
sport,830,1022.3163457348948,169850.0
general,7307,580.9791193787775,577150.0
general,4987,169.6653697338557,174200.0
art,5279,299.0341378383592,374590.0
music,5354,993.9238438685496,728680.0
art,9964,526.5946207378329,752920.0
sport,5542,1060.0251396880549,868660.0
music,6490,1097.7416336401243,898470.0
theatre,120,281.35060078165753,5300.0
sport,9345,1889.3282645538304,4042890.0
general,1002,1077.6264446652372,140580.0
theatre,9575,1022.6673187677591,1003950.0
music,5560,1364.901239889635,1484660.0
art,8239,332.4897897904009,531410.0
music,6557,490.58845695637723,664330.0
general,5438,465.3758776311485,268390.0
general,2561,416.9157963054777,201330.0
general,2847,1694.602640978641,812260.0
music,9611,1758.1852056719933,2971290.0
art,6043,690.5417819389008,708800.0
art,8567,1092.0846741347236,962870.0
music,5404,1949.9579751242998,1485200.0
art,1252,148.78185307245806,42740.0
music,3256,1162.3893965500256,455210.0
sport,3421,70.96670249509285,63580.0
sport,2065,741.4324101833654,191440.0
music,598,821.8666939251614,114180.0
music,2388,1173.231668466733,362640.0
general,9597,1162.2225370269705,1085250.0
art,5848,130.8356401814259,120800.0
music,1353,988.2327718745652,216310.0
theatre,4829,894.6552594044567,748710.0
music,2182,105.27425832723148,42750.0
art,9250,982.9420864463439,1272220.0
general,5868,1446.0792107504565,1499360.0
theatre,3849,1501.9862543038653,932690.0
theatre,3317,1324.8185865011935,445680.0
general,2868,1496.9512018335424,548210.0
music,4396,1911.1286996832457,1198860.0
art,3946,1020.3610967935934,554560.0
general,2920,188.7994930050192,126350.0
sport,6872,387.06259242464824,370690.0
general,3205,1612.3061960931968,860150.0
music,3966,628.1682690461479,560020.0
music,4999,1784.0582191738954,1340040.0
music,2321,291.4090444793891,132260.0
general,3984,936.4046243787254,338460.0
art,9652,860.3918910335384,1236360.0
general,532,43.53963917709702,8720.0
music,5361,1927.4581386513555,1479090.0
theatre,6540,1530.4538743319092,1200050.0
art,6096,338.25772598943547,314970.0
sport,7890,1756.6858784290912,3196920.0
sport,8747,217.46764720352328,401320.0
general,3975,5.2261538964328835,30060.0
general,7957,84.42899194387343,188280.0
music,2085,557.3259777637838,203690.0
general,4157,1568.2480190132758,892100.0
art,604,697.3378686351173,67170.0
music,5415,280.3443925592002,196870.0
music,8093,343.79404314833107,382760.0
general,1771,497.75334013512065,162310.0
general,4781,628.3544525230858,356870.0
music,8298,1542.865890676464,1469230.0
general,8867,1291.907108577517,1133770.0
art,8773,80.52215037693,220140.0
theatre,9311,1956.3850004427734,2306110.0
art,683,1984.5055834832583,129360.0
sport,7895,1714.8482914979481,2410760.0
theatre,3032,1345.8798324311354,738970.0
general,1153,736.4186407714197,113940.0
